Модель,Признак,Средний |SHAP|,Std |SHAP| по фолдам,Ранг SHAP,Падение ROC-AUC,Std падения по фолдам,Ранг permutation
CatBoost,A1_norm,0.09693189730381979,0.007989045445706472,15.0,0.0031906755777437613,0.0005611602579279223,12.0
CatBoost,A2_norm,0.005383480287920597,0.0006177934172183175,43.0,-7.264244018409836e-05,7.745975464567653e-05,45.0
CatBoost,A3_norm,0.03043460098859863,0.008484196382989685,36.0,0.0003984404801700765,0.0002531282365229357,30.0
CatBoost,A4_norm,0.11818894103397583,0.007241219374503376,10.0,0.005673074655078022,0.0010377162872720151,9.0
CatBoost,A5_norm,0.0009282394494862964,0.000985884158260969,45.0,-7.574334210946886e-06,3.112351873144553e-05,44.0
CatBoost,A6_norm,0.03667639257111833,0.012387260010033752,30.0,0.0003475043534629549,0.0001590698886246407,32.0
CatBoost,B1_norm,0.17439068672857025,0.01454297105502299,7.0,0.002767682054460393,0.0009038529161212473,14.0
CatBoost,B2_norm,0.05942467578761277,0.011132163422097266,22.0,0.00044053141122146755,0.0005769823667412789,28.0
CatBoost,B3_norm,0.09903939147324207,0.009628389048801214,14.0,0.0013393862938915078,0.00036423186634544955,20.0
CatBoost,C1_norm,0.052271171478437094,0.02191809476832042,24.0,0.001955499922324947,0.001987362011233049,16.0
CatBoost,C2_norm,0.06571522856930669,0.02757357468456995,19.0,0.0014325150205655292,0.001317750810614041,19.0
CatBoost,C3_norm,0.06004534781972378,0.010041290497673988,21.0,0.000289756409411769,0.0003370847921840517,34.0
CatBoost,C4_norm,0.1645383328702151,0.021751218092089696,8.0,0.003064707791336336,0.0009110698436990201,13.0
CatBoost,D1_norm,0.08746698480832167,0.016055316021474548,16.0,0.0038093309290668166,0.0005816875766164141,11.0
CatBoost,D2_norm,0.031984240330016935,0.0013691076289015726,34.0,0.00034567431298245427,0.0006485654586443295,33.0
CatBoost,D3_norm,0.013834637908620889,0.0019384369095951338,41.0,-0.00018473241961443806,0.000417403218768277,47.0
CatBoost,D4_norm,0.030977758702708042,0.0020284992728914586,35.0,0.0010717937080768254,0.0006235367440147379,22.0
CatBoost,D5_norm,0.17757542088214776,0.021080237625953305,6.0,0.005773371040300734,0.001456337624087651,8.0
CatBoost,E1_norm,0.04628518169959284,0.005650121496590154,26.0,0.0011208997943034833,0.0006204773059650957,21.0
CatBoost,E2_norm,0.03359905089982287,0.007202893886397176,31.0,0.0008261107735703222,0.00011936085486739846,24.0
CatBoost,E3_norm,0.038146069121539644,0.0013317449469956398,28.0,0.0007243910235294531,0.00032851339939307396,25.0
CatBoost,F1_norm,0.037665182141759485,0.009439171037716467,29.0,0.000412318287147125,7.113139454309628e-05,29.0
CatBoost,F2_norm,0.010794716437167106,0.003593484886572595,42.0,4.7682721408451004e-05,0.00017166219851219255,41.0
CatBoost,F3_norm,0.03250417839214511,0.006255023140960561,33.0,0.00016694035938741918,0.0005596287929298829,39.0
CatBoost,F4_norm,0.022192290042016626,0.0027446749656197256,38.0,0.00025168140052594316,0.00036228826474728204,36.0
CatBoost,G1_norm,0.23484203881649987,0.005489086339810677,5.0,0.007301099000309878,0.0004708139508453111,6.0
CatBoost,G2_norm,0.0867595958415142,0.003754004080270941,17.0,0.0017771726443922308,0.00045272088163714094,17.0
CatBoost,G3_norm,0.03330109491289696,0.007767556642549077,32.0,-0.00018386823383198525,4.514649380141402e-05,46.0
CatBoost,G4_norm,0.06172530432110557,0.006619870329557358,20.0,0.0002656100419607831,0.00011243919035762896,35.0
CatBoost,G5_norm,0.07578218757638706,0.006130737370496543,18.0,0.0010476473406258273,0.00046371324192368056,23.0
CatBoost,Q_A1_norm,0.052266009951705515,0.007903744336461325,25.0,0.0014336842130947423,0.0009469234346003233,18.0
CatBoost,Q_A2_norm,0.056757617289085495,0.007341965002100019,23.0,0.0020550846251385924,0.0005379005917108395,15.0
CatBoost,Q_A3_norm,0.0035743035395181585,0.0010918248841340972,44.0,0.0001659745046893714,8.273070228082955e-05,40.0
CatBoost,Q_A4_norm,0.11250519850532624,0.009974607525877416,11.0,0.0053686270873644455,0.002218086635630765,10.0
CatBoost,Q_A5_norm,0.31817998904582495,0.014308188483607525,3.0,0.021073373643024935,0.0008124912735644004,3.0
CatBoost,Q_A6_norm,0.1012810695170472,0.011488247984013485,13.0,0.007117281600935721,0.002175408617255606,7.0
CatBoost,Q_A7_norm,0.020392619093044632,0.0012166631877921668,39.0,0.00020598122297128048,0.0002618769496629839,37.0
CatBoost,Q_B3_norm,0.2929938802993945,0.012167804003056564,4.0,0.029939767267651966,0.0021999324742620055,2.0
CatBoost,Q_B4_norm,0.10723502714946227,0.0017260791033927463,12.0,0.0007007530006563932,0.0005111162105029787,26.0
CatBoost,Q_B5_norm,0.02883207540039212,0.005958588316515079,37.0,0.00017761559552367494,0.00039752473511571847,38.0
CatBoost,Q_C1_norm,0.3864831957750641,0.006234402874436954,2.0,0.010412421989441022,0.003478998935343171,5.0
CatBoost,Q_D1_norm,0.000308231745382208,0.00030426089174895847,46.0,1.3115290110203107e-05,2.5655038348095763e-06,42.0
CatBoost,Q_D2_norm,7.218773254861326e-05,5.50664758992183e-05,47.0,2.5925573473707513e-06,8.142880455835337e-06,43.0
CatBoost,Q_D3_norm,0.01608694830328507,0.008912318020965506,40.0,0.0003861385413845718,0.0005719566385199933,31.0
CatBoost,Q_D4_norm,0.14580293334106534,0.003654825149745527,9.0,0.016980233936107963,0.0033025610839847916,4.0
CatBoost,Q_D5_norm,0.04001772555868759,0.0013897346538911534,27.0,0.0006430558910629861,0.0003611051355360317,27.0
CatBoost,Q_D6_norm,0.8202725562458698,0.027314839451851407,1.0,0.0720377134742221,0.0020430258803175445,1.0
LightGBM,A1_norm,0.0927045687107791,0.007758163377053236,15.0,0.0025447729570445216,0.0010344994513536042,13.0
LightGBM,A2_norm,0.007113217620340736,0.0030331770297009194,43.0,-8.372435198267247e-05,0.0002826312971714097,47.0
LightGBM,A3_norm,0.02057698682805607,0.0019972885836939975,36.0,0.0006560186777998029,0.0002516909285977427,25.0
LightGBM,A4_norm,0.13515751947618335,0.011990116705411068,9.0,0.006824017613936251,0.0016151718621895692,7.0
LightGBM,A5_norm,7.466872227683723e-05,0.00010041314406350076,46.0,-4.5751012012207326e-07,1.6495761971438243e-06,44.0
LightGBM,A6_norm,0.059600547049019896,0.008857879068115816,21.0,0.0005156647398373786,0.00044880455926722755,29.0
LightGBM,B1_norm,0.12808936635620674,0.011827972894541754,10.0,0.002234377757769295,0.0003909423406342793,15.0
LightGBM,B2_norm,0.05105225119952927,0.005945879900095445,23.0,0.0004442423266402848,0.0005624460867491979,30.0
LightGBM,B3_norm,0.09393193177705018,0.01208692475079534,14.0,0.0014901104612434152,0.0007778768344483833,17.0
LightGBM,C1_norm,0.04693213102581938,0.015786211369906353,25.0,0.00034379343804416236,0.000686213163267607,32.0
LightGBM,C2_norm,0.05307083795461553,0.009781083286099423,22.0,0.0002925014701325137,0.0005858429146718101,35.0
LightGBM,C3_norm,0.06295096172270832,0.016880331248632776,20.0,0.0006547478163550193,0.0004561440991109893,26.0
LightGBM,C4_norm,0.18948850824764407,0.004716810884276165,7.0,0.0036882940850651766,0.001581722046861009,12.0
LightGBM,D1_norm,0.09969774495161028,0.011688939356102806,13.0,0.004928299013974156,0.0006635527976753946,11.0
LightGBM,D2_norm,0.033768335884034335,0.006134084932597774,33.0,0.0006433608978097218,0.0005969291656273811,27.0
LightGBM,D3_norm,0.01893342105879602,0.0025688641947228287,37.0,0.0002521389106460282,0.0007608171575085513,36.0
LightGBM,D4_norm,0.03398926868427072,0.010606222218446029,32.0,0.0009398274556499479,0.0004629939709350758,22.0
LightGBM,D5_norm,0.22295688855363646,0.012317072100380895,6.0,0.006795702820946388,0.0014592579395449519,8.0
LightGBM,E1_norm,0.046886291608371634,0.004203715324476526,26.0,0.001094110035047323,0.0004991345327290127,20.0
LightGBM,E2_norm,0.04118017518384757,0.008668299991946947,29.0,0.000950553526244032,6.24644211342885e-05,21.0
LightGBM,E3_norm,0.02788852008571076,0.0025041206917094257,34.0,0.0003356090903397564,0.0004455085912666753,33.0
LightGBM,F1_norm,0.017026621974840495,0.00409902945028088,40.0,-4.4022640447499084e-05,8.282384122812319e-05,45.0
LightGBM,F2_norm,0.0174120586263729,0.00691186009581049,39.0,0.00010400730064147941,0.0004778267273745508,41.0
LightGBM,F3_norm,0.04200537275863451,0.0031113196127910575,28.0,0.0005971523756772198,0.0005964392960012866,28.0
LightGBM,F4_norm,0.018715042339526266,0.0036890645629505006,38.0,-8.026760885286124e-05,0.0002044977171008296,46.0
LightGBM,G1_norm,0.29732585440730647,0.010561528782234025,3.0,0.007625016165357527,0.0019920337793589674,6.0
LightGBM,G2_norm,0.09077488486498621,0.007019508716038733,16.0,0.0022493230883600607,0.00037182828620651865,14.0
LightGBM,G3_norm,0.03833217059003536,0.002036991943526066,31.0,0.00033408405660597914,0.0007514961657697685,34.0
LightGBM,G4_norm,0.06567741113761162,0.004155217114564721,19.0,0.0006595770898451969,0.0005326414086623809,24.0
LightGBM,G5_norm,0.06662283013963222,0.0016893706695559386,18.0,0.0011894246434064708,0.0005462222360016315,19.0
LightGBM,Q_A1_norm,0.0452762337873965,0.006363729893844724,27.0,0.001217434429649586,0.0010077511072451688,18.0
LightGBM,Q_A2_norm,0.05044707059986486,0.004564030034866376,24.0,0.0019463497199224812,0.0005165254886166547,16.0
LightGBM,Q_A3_norm,0.006477697013766554,0.003098308873201325,44.0,0.00018590161214367593,0.00021017936132686297,38.0
LightGBM,Q_A4_norm,0.11466419122918432,0.016544088151521617,11.0,0.005742463689963512,0.00229225720472735,10.0
LightGBM,Q_A5_norm,0.2929049518618463,0.011056127790541005,4.0,0.020581702767265193,0.0009226962125671286,3.0
LightGBM,Q_A6_norm,0.0844237263699027,0.006995309594887757,17.0,0.006136125731101179,0.0002490646230128571,9.0
LightGBM,Q_A7_norm,0.014925110840447646,0.0014483649181722814,41.0,0.00010792155389146203,0.0004528006043104806,40.0
LightGBM,Q_B3_norm,0.25689220519410805,0.005605325318496305,5.0,0.027727553333479735,0.0009155598033117428,2.0
LightGBM,Q_B4_norm,0.11179958665655682,0.008410810859164036,12.0,0.000880503643407255,0.0007152057889326177,23.0
LightGBM,Q_B5_norm,0.026743680520541088,0.004036519011756818,35.0,0.00020430368586417855,0.00027897303882372685,37.0
LightGBM,Q_C1_norm,0.35815378066125425,0.009576094672631439,2.0,0.011938116571138573,0.0027029251887124624,5.0
LightGBM,Q_D1_norm,0.0005435850482392198,0.0005548789466602901,45.0,6.455976139488032e-06,8.792891871211098e-06,42.0
LightGBM,Q_D2_norm,2.836816093503775e-05,4.913509605677601e-05,47.0,1.169192529188518e-06,2.025100864384471e-06,43.0
LightGBM,Q_D3_norm,0.010899971487207649,0.004530660532311712,42.0,0.00016221275481283678,7.533332200058618e-05,39.0
LightGBM,Q_D4_norm,0.13945379021728924,0.002705933741756693,8.0,0.015390335434219846,0.004578808184975334,4.0
LightGBM,Q_D5_norm,0.03924587894328672,0.005079967611018339,30.0,0.0004003213551083684,6.426963326558058e-05,31.0
LightGBM,Q_D6_norm,0.6865831224727597,0.028252494809044907,1.0,0.07337567640329538,0.002409707585002248,1.0
XGBoost,A1_norm,0.12342073341096427,0.007878974862816386,12.0,0.0036088652447658167,0.0004730181445808028,13.0
XGBoost,A2_norm,0.00823395187475629,0.0013565126602262036,43.0,-4.3361792496211654e-05,0.00012699514872283824,47.0
XGBoost,A3_norm,0.02598901451443368,0.0009387398939565549,38.0,0.0010863323630051491,0.0005999820217121056,22.0
XGBoost,A4_norm,0.18760260717532304,0.0038225795698874133,9.0,0.00871742324606881,0.001784485030850963,7.0
XGBoost,A5_norm,0.00014209076264196484,0.00013944699307703233,46.0,9.45520914917718e-06,8.738057369739403e-06,45.0
XGBoost,A6_norm,0.0573498360199781,0.005317673671854202,24.0,0.0005969236206170909,0.0002280440816398834,30.0
XGBoost,B1_norm,0.13932592058305454,0.004715123958384644,11.0,0.002420304787141848,0.0007224970039569694,15.0
XGBoost,B2_norm,0.06159108075636977,0.006420376200511972,23.0,0.0008163251404453966,0.0004322307763836833,25.0
XGBoost,B3_norm,0.08761954709263954,0.004459010653861868,17.0,0.0015603890991402098,0.0010192978673970307,17.0
XGBoost,C1_norm,0.06424341611250929,0.012435125786790392,22.0,0.0005774031888252034,0.0006439400373979899,32.0
XGBoost,C2_norm,0.0691176221879757,0.008667675879283843,20.0,0.0007481561325469732,0.0011727795732939471,26.0
XGBoost,C3_norm,0.06589855098940316,0.013603485139627844,21.0,0.00022700127126808035,0.0003320490605297249,41.0
XGBoost,C4_norm,0.20792399162015254,0.0057567954938124,7.0,0.0036703749386936234,0.0013856596926882904,12.0
XGBoost,D1_norm,0.12137084717844021,0.016589632569607014,13.0,0.004307584867110557,0.0007694197607285394,11.0
XGBoost,D2_norm,0.044791664802193924,0.006274991014225846,31.0,0.0006660584832135619,0.0006719293136124015,27.0
XGBoost,D3_norm,0.024367185024088512,0.0015213388846630168,39.0,0.0003517236134595746,0.0004257139270607,37.0
XGBoost,D4_norm,0.042856672973141885,0.01104632191665741,32.0,0.0011466982816326448,0.0004541032589804813,21.0
XGBoost,D5_norm,0.25098313889337975,0.0085042232530989,6.0,0.00722212767013064,0.0009256927828655647,9.0
XGBoost,E1_norm,0.047460845736553896,0.006747126647385494,27.0,0.001334124927509999,0.0003945318148391806,19.0
XGBoost,E2_norm,0.0464637985624071,0.00922776681897876,28.0,0.0010102077624622883,0.00014412364227074534,24.0
XGBoost,E3_norm,0.035061787241316054,0.0021863198841330167,34.0,0.0005720401535281737,0.0007306001512439014,33.0
XGBoost,F1_norm,0.027964837908675932,0.0026445882761717875,36.0,0.0004107678361844953,0.0003005126568810478,36.0
XGBoost,F2_norm,0.019953718294753828,0.00818639293327229,41.0,0.00014223481290066687,0.00029171907586381145,43.0
XGBoost,F3_norm,0.04583157170208724,0.005836025899770365,29.0,0.0006121993751834692,0.0007611819852657351,28.0
XGBoost,F4_norm,0.027539211491352033,0.004481681373832921,37.0,0.00034214131816591285,5.710925548689973e-05,39.0
XGBoost,G1_norm,0.33826247510965524,0.006061133972988149,3.0,0.008419279151121421,0.0005321719679434142,8.0
XGBoost,G2_norm,0.10054044330846228,0.006487987617328269,14.0,0.002945729742875214,0.0007427861588811821,14.0
XGBoost,G3_norm,0.052621238622868265,0.0061606972011978125,25.0,0.0005934160430294883,0.00027900142400622,31.0
XGBoost,G4_norm,0.07758159294412131,0.001600536854604894,18.0,0.0012163160715781274,0.0003302341825010265,20.0
XGBoost,G5_norm,0.07607003454193018,0.004115329374433864,19.0,0.0010290927635318889,0.0005105041540015637,23.0
XGBoost,Q_A1_norm,0.04512470458201109,0.0030779500391181916,30.0,0.0013971342379426445,0.0007239235796327275,18.0
XGBoost,Q_A2_norm,0.04100096778634697,0.006882198617285907,33.0,0.002134411796522221,0.0002148765811236398,16.0
XGBoost,Q_A3_norm,0.0075117615696539365,0.0033020869628372007,44.0,0.0003120727363821925,5.0635789778099445e-05,40.0
XGBoost,Q_A4_norm,0.14793783655388154,0.007666075815984122,10.0,0.005685300342176872,0.002587185860040653,10.0
XGBoost,Q_A5_norm,0.3238225995454957,0.010377718326981722,4.0,0.018800387114562937,0.0006206819709256691,3.0
XGBoost,Q_A6_norm,0.09715195758066936,0.004833998451943212,15.0,0.00874797475520154,0.0010000481791785601,6.0
XGBoost,Q_A7_norm,0.021193345301860064,0.0021351665168425683,40.0,0.0004502407926596384,0.0003073766053520136,35.0
XGBoost,Q_B3_norm,0.3148867607248908,0.005132377192960953,5.0,0.02818811352107105,0.0010198247564154744,2.0
XGBoost,Q_B4_norm,0.09676114599219776,0.006441583859831276,16.0,0.000606353412537428,0.0007517376977628893,29.0
XGBoost,Q_B5_norm,0.033007464679820804,0.004341596161326143,35.0,0.00034597931972919007,0.00035836054875439534,38.0
XGBoost,Q_C1_norm,0.3572677236809085,0.007657683891199244,2.0,0.0122463513059575,0.003384127279769485,5.0
XGBoost,Q_D1_norm,0.000520066184758131,0.0005880230688089165,45.0,1.0878573967396418e-05,2.0718768035551736e-05,44.0
XGBoost,Q_D2_norm,0.0,0.0,47.0,0.0,0.0,46.0
XGBoost,Q_D3_norm,0.01716803025879417,0.003800356299531524,42.0,0.00022130781199543778,0.00015869960642317504,42.0
XGBoost,Q_D4_norm,0.19659235418612755,0.002059862271566579,8.0,0.01509905399107424,0.005014893862530548,4.0
XGBoost,Q_D5_norm,0.04884750848763894,0.00518597757439293,26.0,0.0005424036646356612,0.00018355035964602085,34.0
XGBoost,Q_D6_norm,0.708496329137683,0.014058441773394874,1.0,0.0727864287858047,0.0018849539114890006,1.0
